Test Size,IR,Method,SP,SE,Gmean,F1 Score,Precision,Accuracy,AUC,Ma tran nham lan
0.3,0.1111111111111111,ADA_DSTree,0.9682539682539683,0.375,0.6025738445163697,0.4615384615384615,0.9014084507042254,0.6,0.6716269841269841,"[[61  2]
 [ 5  3]]"
0.3,0.1111111111111111,ADA_WSVM,0.9682539682539683,0.625,0.7779194882240258,0.6666666666666666,0.9295774647887324,0.7142857142857143,0.7966269841269841,"[[61  2]
 [ 3  5]]"
0.3,0.1111111111111111,ImADA1_WSVM,0.9682539682539683,0.625,0.7779194882240258,0.6666666666666666,0.9295774647887324,0.7142857142857143,0.7966269841269841,"[[61  2]
 [ 3  5]]"
0.3,0.1111111111111111,ImADA2_WSVM,0.9682539682539683,0.625,0.7779194882240258,0.6666666666666666,0.9295774647887324,0.7142857142857143,0.7966269841269841,"[[61  2]
 [ 3  5]]"
0.3,0.1111111111111111,ImADA_12_WSVM,0.031746031746031744,0.375,0.10910894511799618,0.08333333333333333,0.07042253521126761,0.046875,0.20337301587301587,"[[ 2 61]
 [ 5  3]]"
