Test Size,Method,SP,SE,Gmean,F1 Score,Precision,Accuracy,AUC,Ma tran nham lan
0.2,ImADA_1_DecisionTree,0.9615384615384616,0.5625,0.7354355067681901,0.6666666666666666,0.8181818181818182,0.8676470588235294,0.7620192307692308,"[[50  2]
 [ 7  9]]"
